id,name,description,recipe_id,type,rank,durability,damage_type,icon
int,str,str,int,str,int,int,str,str
ID,Name,Description,Recipe ID,Type,Rank,Durability,DamageType,Icon
1101,Padded Armor,Made from nails and linen. Not Very Reliable,1101,light_armor,1,10,,
1102,Padded Armor,Made from nails and linen. Not Very Reliable,1101,light_armor,1,12,,
1103,Padded Armor,Made from nails and linen. Not Very Reliable,1101,light_armor,1,14,,
1111,Padded Hamlet,Made from nails and linen. Can absorb some impact at least.,1111,light_armor_helmet,1,10,,
1112,Padded Hamlet,Made from nails and linen. Can absorb some impact at least.,1111,light_armor_helmet,1,12,,
1113,Padded Hamlet,Made from nails and linen. Can absorb some impact at least.,1111,light_armor_helmet,1,14,,
